<mappings
	xmlns="http://dozermapper.github.io/schema/bean-mapping"
	xmlns:xsi="http://www.w3.org/2001/XMLSchema-instance"
	xsi:schemaLocation="http://dozermapper.github.io/schema/bean-mapping
  https://dozermapper.github.io/schema/bean-mapping.xsd">

	<configuration>
		<custom-converters>
			<converter
				type="com.cl.totira.property.utils.StringToLocalDateTimeConverter">
				<class-a>java.time.LocalDateTime</class-a>
				<class-b>java.lang.String</class-b>
			</converter>
			<converter
				type="com.cl.totira.property.utils.StringToLocalDateConverter">
				<class-a>java.time.LocalDate</class-a>
				<class-b>java.lang.String</class-b>
			</converter>
		</custom-converters>
	</configuration>
	<mapping type="one-way">
        <class-a>java.util.UUID</class-a>
        <class-b bean-factory="com.cl.totira.property.utils.UuidBeanFactory">java.util.UUID</class-b>
    </mapping> 
	
</mappings>